{
  "responder": "Qwen/Qwen2.5-7B-Instruct",
  "judge": "Qwen/Qwen2.5-7B-Instruct",
  "is_self_judge": true,
  "benchmark": "mmlu",
  "num_trials": 10,
  "completed_trials": 10,
  "skipped_trials": 0,
  "seed": 42,
  "timestamp": "2026-03-23 15:10:48",
  "score_per_concept": [
    0.6000000000000001,
    0.5,
    0.5333333333333334,
    0.55,
    0.6000000000000001,
    0.6000000000000001,
    0.6376811594202898,
    0.7088607594936709,
    0.7415730337078652,
    0.7272727272727273
  ],
  "final_potemkin_rate": 0.6198721013227888,
  "final_potemkin_rate_stderr": 0.025001449167617287,
  "overall_coherence_mean": 0.6363636363636364,
  "num_coherence_judgments": 99
}