{
  "responder": "Qwen/Qwen2.5-7B-Instruct",
  "judge": "gpt-5.4-mini",
  "is_self_judge": false,
  "benchmark": "mmlu",
  "num_trials": 10,
  "completed_trials": 10,
  "skipped_trials": 0,
  "seed": null,
  "timestamp": "2026-03-25 08:36:24",
  "score_per_concept": [
    0.25,
    0.588235294117647,
    0.6399999999999999,
    0.6857142857142857,
    0.711111111111111,
    0.6909090909090909,
    0.65625,
    0.6027397260273972,
    0.6829268292682926,
    0.673913043478261
  ],
  "final_potemkin_rate": 0.6181799380626085,
  "final_potemkin_rate_stderr": 0.04054651070438561,
  "overall_coherence_mean": 0.6630434782608695,
  "num_coherence_judgments": 92
}