{
  "responder": "deepseek-ai/DeepSeek-R1-Distill-Qwen-7B",
  "judge": "deepseek-ai/DeepSeek-R1-Distill-Qwen-7B",
  "is_self_judge": true,
  "benchmark": "mmlu",
  "num_trials": 10,
  "completed_trials": 9,
  "skipped_trials": 1,
  "seed": 42,
  "timestamp": "2026-03-22 20:21:17",
  "score_per_concept": [
    1.25,
    0.875,
    0.8799999999999999,
    0.9142857142857144,
    0.9047619047619047,
    0.9361702127659575,
    0.962962962962963,
    0.8852459016393444,
    0.9090909090909092
  ],
  "final_potemkin_rate": 0.9463908450563103,
  "final_potemkin_rate_stderr": 0.036843966936225575,
  "overall_coherence_mean": 0.5454545454545454,
  "num_coherence_judgments": 66
}