{
  "responder": "deepseek-ai/DeepSeek-R1-Distill-Qwen-7B",
  "judge": "meta-llama/Llama-3.1-8B-Instruct",
  "is_self_judge": false,
  "benchmark": "mmlu",
  "num_trials": 10,
  "completed_trials": 9,
  "skipped_trials": 1,
  "seed": 42,
  "timestamp": "2026-03-22 22:30:52",
  "score_per_concept": [
    1.2,
    1.0526315789473686,
    0.962962962962963,
    1.027027027027027,
    1.0434782608695652,
    1.0545454545454547,
    1.0769230769230769,
    1.0666666666666667,
    1.0238095238095237
  ],
  "final_potemkin_rate": 1.0564493946390718,
  "final_potemkin_rate_stderr": 0.01987229022460429,
  "overall_coherence_mean": 0.4880952380952381,
  "num_coherence_judgments": 84
}