{
  "responder": "Qwen/Qwen2.5-1.5B-Instruct",
  "judge": "gpt-5.4-mini",
  "is_self_judge": false,
  "benchmark": "mmlu",
  "num_trials": 10,
  "completed_trials": 10,
  "skipped_trials": 0,
  "seed": null,
  "timestamp": "2026-03-25 09:05:33",
  "score_per_concept": [
    1.4,
    1.0,
    1.1333333333333333,
    1.0,
    1.08,
    1.1186440677966103,
    1.1014492753623188,
    1.1139240506329116,
    1.1460674157303372,
    1.163265306122449
  ],
  "final_potemkin_rate": 1.1256683448977962,
  "final_potemkin_rate_stderr": 0.033405202950010066,
  "overall_coherence_mean": 0.41836734693877553,
  "num_coherence_judgments": 98
}