{
  "responder": "Qwen/Qwen2.5-1.5B-Instruct",
  "judge": "Qwen/Qwen2.5-1.5B-Instruct",
  "is_self_judge": true,
  "benchmark": "mmlu",
  "num_trials": 10,
  "completed_trials": 10,
  "skipped_trials": 0,
  "seed": 42,
  "timestamp": "2026-03-23 14:57:14",
  "score_per_concept": [
    1.2,
    1.5789473684210527,
    1.5555555555555556,
    1.3513513513513513,
    1.2888888888888888,
    1.309090909090909,
    1.169230769230769,
    1.2,
    1.1529411764705881,
    1.2
  ],
  "final_potemkin_rate": 1.3006006019009113,
  "final_potemkin_rate_stderr": 0.046334287638375216,
  "overall_coherence_mean": 0.4,
  "num_coherence_judgments": 95
}